episode,steps,epsilon,train_reward,train_portfolio_return,train_position_changes,mean_loss,mean_max_q,updates,minutes,action_share_-1,action_share_0,action_share_0.5,action_share_1,action_share_2
1,7295,1.0,-1.0355778547358818,-0.6449788290250935,5745,3.693123450608331e-05,0.13628259301185608,7232,0.05986188650131226,0.2004112405757368,0.20562028786840303,0.18670322138450993,0.2047978067169294,0.20246744345442083
2,7295,0.912,-0.9782504113819775,-0.6240316863617227,5823,2.9377232770110123e-05,0.1583453118801117,14527,0.13175156911214192,0.22028786840301576,0.18670322138450993,0.18834818368745715,0.194379712131597,0.21028101439342015
3,7295,0.831744,-0.8811990883731415,-0.5857141516142255,5818,3.133616683711242e-05,0.18227846920490265,21822,0.19963976939519246,0.19931459904043866,0.17368060315284442,0.19369431117203564,0.19273474982864977,0.24057573680603153
4,7295,0.7585505280000001,-1.2572867007838322,-0.7155752901780494,5620,3.200107559143295e-05,0.1893499195575714,29117,0.2666091521581014,0.21288553803975327,0.17546264564770392,0.17765592871830022,0.19506511309115832,0.2389307745030843
5,7295,0.6917980815360001,-1.426085092331018,-0.7597523691414476,5534,3.2098214676737585e-05,0.18703718483448029,36412,0.33473480145136514,0.22631939684715557,0.176010966415353,0.1828649760109664,0.1973954763536669,0.2174091843728581
6,7295,0.6309198503608321,-0.8311921614705843,-0.5644702450926926,5310,3.264941936318066e-05,0.19472475349903107,43707,0.403304918607076,0.22810143934201507,0.14914324880054833,0.16614119259766963,0.18848526387936942,0.26812885538039755
7,7295,0.5753989035290789,-1.5127334294107573,-0.7796930393434307,5340,3.2986661848942905e-05,0.18632519245147705,51002,0.47693891922632853,0.2350925291295408,0.1474982864976011,0.15942426319396846,0.19506511309115832,0.2629198080877313
8,7295,0.52476380001852,-1.2319901466503866,-0.7082885489581245,5187,3.25233952134349e-05,0.17338645458221436,58297,0.5476586023966471,0.25894448252227553,0.17834132967786154,0.1580534612748458,0.19383139136394792,0.21082933516106922
9,7295,0.4785845856168902,-1.1168217388166741,-0.6726815532913172,5035,3.331241284253041e-05,0.16557198762893677,65592,0.6219107230504354,0.23358464701850581,0.16915695681973955,0.1806716929403701,0.18752570253598355,0.22906100068540097
10,7295,0.4364691420826039,-0.46907089746474967,-0.3744167706809044,4793,3.3534289676118936e-05,0.16134968400001526,72887,0.6982170542081197,0.22152159013022618,0.16970527758738863,0.1662782727895819,0.1890335846470185,0.2534612748457848
11,7295,0.39805985757933476,-0.7713205866298032,-0.5375979769982695,4520,3.3313724345609695e-05,0.1471593976020813,80182,0.763547706604004,0.24784098697738177,0.1899931459904044,0.17409184372858122,0.17573680603152844,0.21233721727210417
12,7295,0.36303059011235334,-0.9908474577503428,-0.6287380711319537,4532,3.273968759215398e-05,0.1401125192642212,87477,0.8319010178248087,0.2556545579163811,0.18122001370801918,0.16997943797121315,0.1802604523646333,0.21288553803975327
13,7295,0.33108389818246625,-0.7951176993316872,-0.5484719127591754,4161,3.258426145359378e-05,0.133314847946167,94772,0.8992520213127136,0.25359835503769707,0.19533927347498287,0.16778615490061685,0.17052775873886222,0.212748457847841
14,7295,0.3019485151424092,-0.9248045564417299,-0.6033910738396139,4130,3.148579308581971e-05,0.12314902991056442,102067,0.9674467206001282,0.2095956134338588,0.19712131596984236,0.15215901302261822,0.20370116518163126,0.23742289239204936
15,7295,0.2753770458098772,-0.9503509459440137,-0.6133946779257451,3929,3.1589116408825306e-05,0.11647360026836395,109362,1.033899219830831,0.22522275531185743,0.17518848526387937,0.17093899931459905,0.17299520219328307,0.2556545579163811
16,7295,0.25114386577860803,-0.4369055416724011,-0.3539675483263999,3851,3.151469739389704e-05,0.10660508275032043,116657,1.0993082205454507,0.2267306374228924,0.14420836189170666,0.1838245373543523,0.15997258396161754,0.2852638793694311
17,7295,0.22904320559009053,0.08055592036262323,0.08388945643902246,3517,3.200779003113249e-05,0.10096832364797592,123952,1.1695404370625815,0.2337217272104181,0.1501028101439342,0.19492803289924607,0.19150102810143935,0.2297464016449623
18,7295,0.20888740349816257,-1.1425408623028759,-0.6809925627809843,3494,3.238136143827968e-05,0.09289098531007767,131247,1.2375617384910584,0.2908841672378341,0.1303632625085675,0.15640849897189857,0.16915695681973955,0.25318711446196024
19,7295,0.19050531199032428,-0.4111367796508164,-0.3371037453187551,3123,3.267826452100151e-05,0.08522828668355942,138542,1.3065380692481994,0.280603152844414,0.12063056888279644,0.17573680603152844,0.18396161754626456,0.23906785469499658
20,7295,0.17374084453517574,-1.600681032453187,-0.7982409332765844,2867,3.251543598667421e-05,0.07918620854616165,145837,1.3788043856620789,0.29184372858122004,0.11007539410555174,0.1912268677176148,0.15407813570939,0.25277587388622347
21,7295,0.1584516502160803,-0.892967053668728,-0.5905608791068919,3176,3.3603212221530513e-05,0.07741959393024445,153132,1.4478265364964804,0.310212474297464,0.13324194653872515,0.13858807402330364,0.14694996572995203,0.27100753941055516
22,7295,0.14450790499706523,-0.5903076197458603,-0.4458432110586652,3000,3.445825142305175e-05,0.07173566520214081,160427,1.5145244518915812,0.26758053461274844,0.14256339958875944,0.1400959561343386,0.17943797121315969,0.27032213845099384
23,7295,0.1317912093573235,-0.9908567907513417,-0.6287415361037423,2612,3.546753550312372e-05,0.0745105892419815,167722,1.5829042712847392,0.3039067854694997,0.1085675119945168,0.11884852638793694,0.18368745716244003,0.2849897189856066
24,7295,0.12019358293387904,-0.7994433835610806,-0.5504208623759888,2621,3.534186664271444e-05,0.06643307954072952,175017,1.653897186120351,0.25538039753255654,0.13159698423577793,0.1259766963673749,0.21891706648389309,0.26812885538039755
25,7295,0.10961654763569768,-0.6777338308147617,-0.4922336259628206,2597,3.5853148164502325e-05,0.06149349361658096,182312,1.7290624698003134,0.2633310486634681,0.12131596984235778,0.14557916381082933,0.23989033584647018,0.22988348183687457
26,7295,0.09997029144375628,-0.8281694467398836,-0.5631517712055398,2539,3.526534360230674e-05,0.056940868496894836,189607,1.801211655139923,0.2626456477039068,0.08060315284441398,0.08786840301576422,0.31706648389307746,0.25181631254283754
27,7295,0.09117290579670574,-0.6491301618956301,-0.4774999303781542,2285,3.571550638308478e-05,0.050943486392498016,196902,1.8711275378863017,0.2548320767649075,0.16079506511309116,0.15133653187114463,0.2437285812200137,0.18930774503084305
28,7295,0.08314969008659565,-0.5739101358956268,-0.4366815250422491,2001,3.444131812024648e-05,0.05049608647823334,204197,1.9452083865801493,0.26031528444139823,0.12885538039753255,0.15956134338588074,0.2664838930774503,0.18478409869773818
29,7295,0.07583251735897523,-1.358267523627105,-0.7428941789116141,1930,3.3306321913126183e-05,0.04828743264079094,211492,2.017414689064026,0.322960932145305,0.13721727210418094,0.16751199451679233,0.1968471555860178,0.17546264564770392
30,7295,0.06915925583138541,0.1363605433986026,0.14609503611192398,1947,3.1611301875535494e-05,0.04594286531209946,218787,2.0890808860460917,0.29170664838930777,0.22604523646333105,0.21329677861549007,0.11898560657984922,0.14996572995202193
31,7295,0.06307324131822349,-0.2382475736879294,-0.2119924229997504,2143,3.0341025901090676e-05,0.045614421367645264,226082,2.1569080392519635,0.3462645647703907,0.10993831391363948,0.1738176833447567,0.1803975325565456,0.18958190541466757
32,7295,0.05752279608221983,-0.6101514586050856,-0.4567314198583604,2452,2.993574067874896e-05,0.04339676722884178,233377,2.22662273645401,0.2407128169979438,0.20891021247429747,0.1654557916381083,0.17559972583961617,0.20932145305003427
33,7295,0.052460790026984484,-0.4908696920377098,-0.3879061704955006,2309,2.9935521234820056e-05,0.043187133967876434,240672,2.2987184166908263,0.2988348183687457,0.1868403015764222,0.1313228238519534,0.1764222069910898,0.2065798492117889
34,7295,0.04784424050460985,0.6763624344426145,0.9667106658169775,2316,2.939818080825077e-05,0.04554475471377373,247967,2.3706968863805136,0.335709389993146,0.24523646333104868,0.14160383824537354,0.13200822481151472,0.14544208361891706
35,7295,0.043633947340204184,-0.2245209927470399,-0.20110119455664355,2720,2.9317567955558998e-05,0.04626472294330597,255262,2.441351918379466,0.3618917066483893,0.1925976696367375,0.15037697052775875,0.12638793694311173,0.16874571624400275
36,7295,0.03979415997426622,-0.48871028438194847,-0.386582982256789,2472,2.9045232253434326e-05,0.046581510454416275,262557,2.5160357038180035,0.35819054146675805,0.16929403701165183,0.1435229609321453,0.13803975325565457,0.19095270733379027
37,7295,0.036292273896530794,-0.5115942811993515,-0.4004610172551457,2012,2.932871487915177e-05,0.044096965342760086,269852,2.585795251528422,0.39067854694996573,0.1396847155586018,0.12433173406442768,0.20562028786840303,0.1396847155586018
38,7295,0.03309855379363608,-0.16873402163560838,-0.15526644564230008,2135,2.9827056909605972e-05,0.045996829867362976,277147,2.656880716482798,0.31939684715558603,0.20054832076764909,0.17121315969842357,0.17326936257710762,0.13557230980123372
39,7295,0.03018588105979611,-0.37519250671068083,-0.3128430162731227,2025,2.8679409345930576e-05,0.04288477450609207,284442,2.729737703005473,0.29773817683344755,0.2131596984235778,0.20534612748457848,0.19575051405071967,0.0880054832076765
40,7295,0.027529523526534053,-0.549565752087957,-0.4227995959630555,2382,2.7196185574941338e-05,0.04148317128419876,291737,2.7997146050135293,0.2771761480466073,0.22111034955448938,0.20246744345442083,0.20589444825222755,0.09335161069225496
41,7295,0.025106925456199056,-0.339807179286392,-0.2880924199432333,2474,2.631043025053711e-05,0.0410633310675621,299032,2.8751007556915282,0.2744345442083619,0.26100068540095955,0.18012337217272104,0.17614804660726524,0.10829335161069226
42,7295,0.02289751601605354,-0.3624612687452184,-0.30403873139014703,2330,2.5855026894400006e-05,0.04050765931606293,306327,2.9418895562489826,0.25167923235092526,0.27758738862234406,0.1806716929403701,0.18670322138450993,0.10335846470185059
43,7295,0.02088253460664083,0.48700304225841945,0.6274315604384302,2288,2.4658521246421067e-05,0.04228588938713074,313622,3.011013352870941,0.30267306374228925,0.2986977381768334,0.13708019191226867,0.16723783413296778,0.09431117203564085
44,7295,0.019044871561256435,0.21830889354875374,0.24397126297624627,2149,2.3741063837870227e-05,0.04116636514663696,320917,3.079201702276866,0.31226867717614804,0.2774503084304318,0.1784784098697738,0.1352981494174092,0.09650445510623715
45,7295,0.01736892286386587,-0.545336658579366,-0.4203533925155323,2242,2.2746122992334798e-05,0.04029886797070503,328212,3.14576518535614,0.2670322138450994,0.23043180260452364,0.19958875942426318,0.1728581220013708,0.13008910212474298
46,7295,0.015840457651845673,0.21365480523746383,0.2381951625285481,1771,2.2277608606246478e-05,0.03757818788290024,335507,3.2144810835520428,0.2671692940370117,0.25099383139136394,0.2043865661411926,0.14818368745716243,0.12926662097326935
47,7295,0.014446497378483254,0.1166712472148952,0.12374993303709503,1630,2.1898527056055984e-05,0.03564891591668129,342802,3.288552403450012,0.32666209732693624,0.25894448252227553,0.2,0.11761480466072652,0.09677861549006168
48,7295,0.013175205609176729,-0.19386259930493915,-0.17622891678763075,1993,2.1570248596764717e-05,0.03529498726129532,350097,3.3592462062835695,0.28169979437971215,0.34585332419465387,0.15750514050719672,0.09677861549006168,0.1181631254283756
49,7295,0.012015787515569178,-0.13581157325325416,-0.12699288511766627,2030,2.115883888263833e-05,0.03436771780252457,357392,3.4266494035720827,0.29335161069225496,0.24208361891706648,0.18629198080877313,0.14818368745716243,0.13008910212474298
50,7295,0.01095839821419909,0.192853553267954,0.2127051838031475,2129,2.130196504655005e-05,0.034685373306274414,364687,3.4963736216227215,0.24400274160383825,0.2856751199451679,0.168882796435915,0.12501713502398903,0.1764222069910898
51,7295,0.01,-0.20759058486949766,-0.18746036535746335,2385,2.1732437296114848e-05,0.032808709889650345,371982,3.569075373808543,0.3022618231665524,0.24084989718985605,0.18190541466758053,0.1339273474982865,0.14105551747772446
52,7295,0.01,-0.17929538479904775,-0.16414103710360317,1887,2.1391930109895515e-05,0.03115219995379448,379277,3.6355307857195536,0.28992460589444824,0.22947224126113777,0.22810143934201507,0.14694996572995203,0.10555174777244689
53,7295,0.01,0.21345024346203467,0.23794190103246504,1907,2.106783683095056e-05,0.03132885694503784,386572,3.7022807359695435,0.3528444139821796,0.20191912268677176,0.12707333790267306,0.19492803289924607,0.12323509252912954
54,7295,0.01,0.17772052770963687,0.1944914473221162,1744,2.147444492754881e-05,0.032045941799879074,393867,3.772287638982137,0.25359835503769707,0.2836189170664839,0.17148732008224812,0.19671007539410554,0.09458533241946539
55,7295,0.01,0.45898859996143476,0.5824726624303374,1499,2.1731193665371174e-05,0.032192766666412354,401162,3.840851672490438,0.31309115832762163,0.17326936257710762,0.15243317340644277,0.265798492117889,0.095407813570939
56,7295,0.01,0.3783204742525694,0.4598307060731752,1341,2.2004217889114518e-05,0.03417108207941055,408457,3.908667234579722,0.39849211788896505,0.1570938999314599,0.14886908841672378,0.22152159013022618,0.07402330363262509
57,7295,0.01,-0.0035073227220286845,-0.0035011792501683514,1279,2.204503053441408e-05,0.03333393111824989,415752,3.9764076232910157,0.31583276216586703,0.18300205620287868,0.22810143934201507,0.20095956134338588,0.07210418094585333
58,7295,0.01,0.6519698426453323,0.9193178618866535,1753,2.1181222697208082e-05,0.03377082198858261,423047,4.04429540236791,0.3361206305688828,0.23180260452364634,0.17272104180945852,0.1764222069910898,0.08293351610692255
59,7295,0.01,0.2513061228284067,0.285703607319701,1959,2.1326092674864238e-05,0.03516485542058945,430342,4.11130116780599,0.3239204934886909,0.20370116518163126,0.20068540095956133,0.13858807402330364,0.13310486634681287
60,7295,0.01,-0.5389478205922573,-0.4166382692268964,1942,2.1706958900357712e-05,0.03543815761804581,437637,4.177707036336263,0.298971898560658,0.22988348183687457,0.20383824537354353,0.11130911583276216,0.15599725839616174
61,7295,0.01,0.10094627503283708,0.1062172086837021,1575,2.22232207719019e-05,0.034212782979011536,444932,4.243812668323517,0.28855380397532554,0.21549006168608636,0.16614119259766963,0.1247429746401645,0.20507196710075395
62,7295,0.01,-0.004001524148254913,-0.003993528718687633,1570,2.2842487104715645e-05,0.03458911180496216,452227,4.310795319080353,0.34653872515421524,0.19766963673749144,0.13022618231665525,0.08252227553118574,0.24304318026045235
63,7295,0.01,0.36982285711455476,0.4474781814896507,1557,2.392402929696867e-05,0.033783942461013794,459522,4.377625036239624,0.3103495544893763,0.24523646333104868,0.15572309801233722,0.10843043180260452,0.1802604523646333
64,7295,0.01,0.40593842469219493,0.50071014292401,1728,2.4576338782037986e-05,0.03448173403739929,466817,4.444335850079854,0.38108293351610695,0.19328307059629884,0.11213159698423578,0.12309801233721727,0.1904043865661412
65,7295,0.01,0.34238135452189855,0.4082972556485016,1622,2.6319735856662574e-05,0.03388776630163193,474112,4.513165934880575,0.3698423577793009,0.22919808087731322,0.09294037011651816,0.15119945167923235,0.15681973954763537
66,7295,0.01,0.586150423634047,0.7970571739607479,1821,2.7508105045913725e-05,0.03360355645418167,481407,4.580949505170186,0.3527073337902673,0.20287868403015763,0.14667580534612748,0.12405757368060315,0.17368060315284442
67,7295,0.01,0.30034599661139183,0.35032593495687125,1674,2.7510906954293062e-05,0.03409664332866669,488702,4.647616839408874,0.2619602467443454,0.2372858122001371,0.15215901302261822,0.14105551747772446,0.20753941055517477
68,7295,0.01,0.5648553397731414,0.7591932790151308,1278,2.872458075032338e-05,0.03480328992009163,495997,4.714358786741893,0.3391363947909527,0.13050034270047978,0.1431117203564085,0.2145305003427005,0.17272104180945852
69,7295,0.01,-0.10322889485525016,-0.09807949511079339,1407,2.915698501582632e-05,0.03534052148461342,503292,4.781059873104096,0.4087731322823852,0.12803289924605896,0.13379026730637422,0.11761480466072652,0.2117888965044551
70,7295,0.01,0.05563412485622121,0.05721080581084537,1448,2.9144134251030598e-05,0.03657032921910286,510587,4.850069200992584,0.39917751884852637,0.1588759424263194,0.10596298834818368,0.13982179575051404,0.19616175462645646
71,7295,0.01,-0.48744035392113627,-0.38580349045534057,1535,2.864483348150529e-05,0.03662801533937454,517882,4.916281406084696,0.32282385195339275,0.1614804660726525,0.18396161754626456,0.09677861549006168,0.2349554489376285
72,7295,0.01,-0.5568815549742412,-0.42700687177981944,1712,2.89321762059552e-05,0.03561242297291756,525177,4.984451254208882,0.3085675119945168,0.2174091843728581,0.1422892392049349,0.13694311172035642,0.1947909527073338
73,7295,0.01,0.07143864084735514,0.07405224574369784,2199,2.8880080920941925e-05,0.03472324460744858,532472,5.050628685951233,0.2149417409184373,0.26031528444139823,0.18656614119259768,0.16655243317340646,0.17162440027416037
74,7295,0.01,0.3422901865007901,0.40816886982700473,2091,2.8805037706646758e-05,0.03523360192775726,539767,5.1172016859054565,0.265798492117889,0.23618917066483894,0.1842357779300891,0.1431117203564085,0.1706648389307745
75,7295,0.01,0.36091339287379115,0.4346392055192019,2311,2.8202209638079908e-05,0.03473704308271408,547062,5.183817903200786,0.29773817683344755,0.3054146675805346,0.14928032899246058,0.1387251542152159,0.10884167237834133
76,7295,0.01,0.1387204441813108,0.1488029005737299,2118,2.7341826416120017e-05,0.035376109182834625,554357,5.251605435212453,0.33200822481151476,0.24413982179575053,0.17326936257710762,0.15023989033584648,0.10034270047978067
77,7295,0.01,0.8873595004377197,1.428708174196271,1710,2.6311507731216763e-05,0.0346347950398922,561652,5.31833743651708,0.34640164496230297,0.19054146675805347,0.13228238519533927,0.22165867032213846,0.10911583276216587
78,7295,0.01,1.3348573239002224,2.7994538164938705,1761,2.6349298836262476e-05,0.03557870537042618,568947,5.385599867502848,0.35517477724468816,0.18135709389993146,0.10116518163125428,0.19712131596984236,0.16518163125428376
79,7295,0.01,0.27318794336377306,0.31414720686312303,1952,2.6680970844823403e-05,0.036536410450935364,576242,5.451394534111023,0.44180945853324194,0.141329677861549,0.09746401644962303,0.10363262508567513,0.2157642220699109
80,7295,0.01,0.08235564192604357,0.08584191207739855,1398,2.8033036541273134e-05,0.037941429764032364,583537,5.517447106043497,0.4766278272789582,0.1435229609321453,0.10897875257025359,0.12762165867032213,0.14324880054832076
81,7295,0.01,0.09395845472392986,0.098514106897307,1213,2.948559411783335e-05,0.037865206599235535,590832,5.584029853343964,0.3934201507882111,0.1882111034955449,0.13406442769019877,0.13447566826593557,0.14982864976010968
82,7295,0.01,0.4024360560810502,0.4954632963837282,1397,2.9145823942546874e-05,0.03747817873954773,598127,5.650122952461243,0.38752570253598356,0.18217957505140508,0.12282385195339274,0.15997258396161754,0.1474982864976011
83,7295,0.01,0.4552467498885751,0.5765623516276441,1320,3.0293752997107765e-05,0.038200944662094116,605422,5.716609485944113,0.4327621658670322,0.1606579849211789,0.09239204934886909,0.17971213159698424,0.13447566826593557
84,7295,0.01,-0.12344507602727522,-0.11612981442708947,1227,3.058376167662434e-05,0.03619830682873726,612717,5.785865120093027,0.3570938999314599,0.17258396161754627,0.13063742289239205,0.17011651816312542,0.16956819739547635
85,7295,0.01,0.7342275321525639,1.0838716467696532,1350,3.108585561272025e-05,0.03537382930517197,620012,5.852048671245575,0.3331048663468129,0.17669636737491431,0.11034955448937629,0.18944482522275533,0.1904043865661412
86,7295,0.01,0.4701623986521906,0.6002540512175796,1194,3.04227507190228e-05,0.03611205890774727,627307,5.924219469229381,0.3008910212474297,0.24455106237148733,0.11213159698423578,0.1405071967100754,0.20191912268677176
87,7295,0.01,-0.24982820561463687,-0.22106541183360096,1254,2.941060986460232e-05,0.03544820845127106,634602,5.992156537373861,0.41590130226182315,0.1566826593557231,0.09801233721727211,0.14064427690198766,0.18875942426319398
88,7295,0.01,0.8022698121912937,1.2305982258104549,1084,2.9950712277221785e-05,0.03567350283265114,641897,6.058757551511129,0.498971898560658,0.13927347498286496,0.0708704592186429,0.1644962302947224,0.12638793694311173
89,7295,0.01,0.9125279628270505,1.490610753243852,1330,2.986691905040819e-05,0.03582634776830673,649192,6.125123735268911,0.3684715558601782,0.16216586703221383,0.10130226182316655,0.21644962302947224,0.15161069225496915
90,7295,0.01,0.3795111873229112,0.4615699808585023,1377,2.962444636052332e-05,0.036818042397499084,656487,6.191494703292847,0.4858122001370802,0.13941055517477724,0.07635366689513365,0.157642220699109,0.14078135709389994
91,7295,0.01,1.2581754399100187,2.5189950085503976,1109,3.0358027520724496e-05,0.03753507882356644,663782,6.258458403746287,0.44605894448252226,0.15942426319396846,0.10294722412611378,0.14694996572995203,0.14461960246744346
92,7295,0.01,0.7251115035953368,1.0649613377434632,1382,2.9175208575440882e-05,0.03645092993974686,671077,6.324431669712067,0.4268677176148047,0.17368060315284442,0.12364633310486635,0.16120630568882796,0.11459904043865661
93,7295,0.01,0.5867830712172424,0.7981944375443035,1455,2.920740086520074e-05,0.03832182288169861,678372,6.390296920140584,0.4468814256339959,0.14941740918437285,0.10952707333790267,0.1965729952021933,0.0976010966415353
94,7295,0.01,1.0994962081229265,2.002652930680239,1362,2.8694409574473766e-05,0.03957270830869675,685667,6.456028954188029,0.4801919122686772,0.1255654557916381,0.1098012337217272,0.1956134338588074,0.08882796435915011
95,7295,0.01,0.8097082155835674,1.2472521778384538,1645,2.8476376061404076e-05,0.04119385778903961,692962,6.527914822101593,0.44263193968471554,0.14201507882111036,0.10719671007539411,0.15695681973954764,0.15119945167923235
96,7295,0.01,0.6234999766468936,0.8654456456583388,1843,2.9593488339415536e-05,0.04246893152594566,700257,6.5972568194071455,0.47196710075394105,0.15284441398217957,0.10993831391363948,0.14448252227553118,0.1207676490747087
97,7295,0.01,1.0011919755389846,1.7215238857492778,1721,2.9630768196294847e-05,0.04462423548102379,707552,6.663790837923686,0.3975325565455792,0.20932145305003427,0.12844413982179576,0.12460589444825222,0.1400959561343386
98,7295,0.01,0.48085310543176524,0.6174536722912995,1617,3.0882995041175276e-05,0.0457117073237896,714847,6.729561154047648,0.38546949965729954,0.15969842357779301,0.1006168608636052,0.14297464016449624,0.21124057573680602
99,7295,0.01,0.9579579246071648,1.6063686340974441,1533,3.164990268594819e-05,0.043933190405368805,722142,6.800498167673747,0.35956134338588075,0.19067854694996572,0.16710075394105553,0.11939684715558602,0.16326250856751198
100,7295,0.01,1.2920232371962463,2.640143985040937,1381,3.158612560918069e-05,0.04409286379814148,729437,6.866575638453166,0.38834818368745716,0.17477724468814257,0.176010966415353,0.11734064427690198,0.1435229609321453
